module_name,http_method,path,operation_id
user_handler,GET,/accessToken,issue_access_token_for_native_app
user_handler,POST,/accessToken,issue_access_token_for_internal
user_handler,POST,/account,apply_account
user_handler,PUT,/account,update_account
user_handler,POST,/account/authentication/certificate/url,get_presigned_url_authentication_required
user_handler,POST,/account/authenticationCode,check_authentication_code
user_handler,PUT,/account/authenticationCode,resend_authentication_code
user_handler,POST,/account/banner,get_account_banner
user_handler,POST,/account/certificate,apply_account_certificate
user_handler,POST,/account/certificate/url,get_certificate_upload_presigned_url
user_handler,POST,/account/inquiry,inquiry_account
user_handler,POST,/account/loginId,send_login_id_to_user
user_handler,POST,/account/new,start_account_application
user_handler,POST,/account/resume,send_application_resume_mail
user_handler,POST,/account/stepUp,apply_stepup_account
user_handler,GET,/account/stepUp,get_account_stepup_status
user_handler,GET,/address,find_address
user_handler,POST,/address,register_address
user_handler,PUT,/address,update_address
user_handler,GET,/address/zipCode,get_address
user_handler,GET,/advertisementSection,find_advertisement_sections
user_handler,GET,/allPermissionSetting,set_all_permission
user_handler,POST,/allPermissionSetting,set_permission
user_handler,POST,/apiLog,post_api_log
user_handler,GET,/areaSpot,find_area_spots
user_handler,GET,/areaSpot/others,find_area_spots_others
user_handler,GET,/areaSpot/tile,get_area_spot_tile
user_handler,POST,/articleRating,send_article_rating
user_handler,GET,/articleRating/{contentCode},get_article_rating
user_handler,GET,/banner/gen4,get_banner
user_handler,GET,/basePoint,get_base_point
user_handler,GET,/brand,find_brands
user_handler,GET,/camel/derby/{planGroupId},get_camel_derby_status
user_handler,POST,/camel/derby/{planGroupId},start_camel_derby
user_handler,PUT,/camel/derby/{planGroupId},give_bait_to_camel
user_handler,POST,/camel/derby/{planGroupId}/run,run_camel_derby
user_handler,GET,/campaign/landingPage,find_campaign_landing_pages
user_handler,GET,/campaign/landingPage/beforeLogin/{planGroupId}/{landingPageId},get_before_login_campaign_landing_page
user_handler,GET,/campaign/landingPage/{planGroupId}/{landingPageId},get_campaign_landing_page
user_handler,GET,/campaign/line,find_line_campaigns
user_handler,GET,/campaign/pxc/landingPage,find_pxc_campaign_landing_pages
user_handler,GET,/campaign/pxc/landingPage/stock,find_pxc_campaign_stocks
user_handler,GET,/campaign/pxc/landingPage/stock/{planGroupId}/{landingPageId},get_pxc_campaign_stock
user_handler,GET,/campaign/pxc/landingPage/{planGroupId}/{landingPageId},get_pxc_campaign_landing_page
user_handler,GET,/campaign/shopCampaign,find_shop_campaigns
user_handler,POST,/campaign/shopCampaign,create_shop_campaign
user_handler,POST,/campaignApplication,apply_campaign
user_handler,GET,/campaignApplication/result/summary,find_campaign_application_result_summary
user_handler,POST,/campaignApplicationToken/check/{planGroupId},check_campaign_application_token
user_handler,GET,/campaignApplicationToken/limit/check/{planGroupId},check_campaign_application_token_limit
user_handler,POST,/campaignApplicationToken/{planGroupId},draw_campaign_application_token
user_handler,PUT,/campaignApplicationToken/{planGroupId},use_campaign_application_token
user_handler,GET,/campaignHistory,find_campaign_histories
user_handler,GET,/campaignHistory/count,count_campaign_histories
user_handler,PUT,/campaignHistory/reading,read_campaign_history
user_handler,GET,/campaignHistory/summary/pxc/introduceIncentive,find_pxc_introduce_incentive_campaign_history_summary
user_handler,GET,/campaignHistory/summary/quiz,find_quiz_campaign_history_summary
user_handler,PUT,/campaignNotification/{planGroupId}/reading,read_campaign_notification
user_handler,GET,/chat,get_jt_user_id
user_handler,GET,/chat/device,get_device_information
user_handler,POST,/chat/device/defect,register_device_defect
user_handler,POST,/chat/device/stock,secure_device_stock
user_handler,PUT,/checkIn,check_in
user_handler,GET,/checkIn/history,find_check_in_histories
user_handler,GET,/checkIn/spot,find_check_in_spots
user_handler,GET,/checkIn/test,set_check_in_test_cookie
user_handler,PUT,/checkIn/test,test_check_in
user_handler,GET,/cleansingAddress,find_cleansing_address
user_handler,GET,/content,find_contents
user_handler,GET,/content/beforeLogin,find_before_login_contents
user_handler,POST,/content/codes,find_contents_by_codes
user_handler,GET,/content/{contentCode},get_content
user_handler,GET,/couponBrandLogo,find_coupon_brand_logos
user_handler,GET,/couponSpot,find_coupon_spots
user_handler,GET,/crowdfunding/mevius,get_mevius_crowdfunding_status
user_handler,GET,/crowdfunding/{planGroupId},get_crowdfunding
user_handler,GET,/dc/beforeLogin/{family},get_dc_before_login
user_handler,GET,/dc/{family},get_dc
user_handler,POST,/dcMonitor/serial/check,check_dc_monitor_serial
user_handler,GET,/device,find_user_device
user_handler,POST,/device,register_user_device
user_handler,GET,/device/pxc,get_user_pxc_device_count
user_handler,POST,/device/pxc,register_user_pxc_device
user_handler,PUT,/device/pxc,update_user_pxc_device
user_handler,POST,/device/pxc/autoStart/off,send_pxc_device_auto_start_off
user_handler,POST,/device/pxc/autoStart/on,send_pxc_device_auto_start_on
user_handler,POST,/device/pxc/easy,register_easy_pxc_device
user_handler,POST,/device/pxc/lock,send_pxc_device_lock
user_handler,POST,/device/pxc/log,send_pxc_device_log
user_handler,POST,/device/pxc/log/gen4,send_pxc_device_log_gen4
user_handler,POST,/device/pxc/unlock,send_pxc_device_unlock
user_handler,DELETE,/device/pxc/{serialNumber},delete_pxc_device
user_handler,GET,/device/serial/{serialNumber},check_device_serial_number
user_handler,PUT,/deviceDashboard/reading,read_device_dashboard
user_handler,POST,/deviceSerialJudgment,judge_device_serial
user_handler,GET,/ecContent,get_ec_content
user_handler,GET,/ec/products,find_products
user_handler,GET,/ec/tobaccoAndProducts,find_tobacco_and_products
user_handler,POST,/exchangeToken/check/{ent},check_exchange_token
user_handler,GET,/exchangeToken/limit/check/{ent},check_exchange_token_limit
user_handler,POST,/exchangeToken/{ent},draw_exchange_token
user_handler,PUT,/exchangeToken/{ent},issue_exchange_token_coupon
user_handler,GET,/favoriteSpot,find_favorite_spots
user_handler,GET,/favoriteSpot/ranking,find_favorite_spot_rankings
user_handler,GET,/favoriteSpot/ranking/neighborhood,find_favorite_spot_ranking_neighborhoods
user_handler,GET,/favoriteSpot/{spotId},is_favorite_spot
user_handler,POST,/favoriteSpot/{spotId},register_favorite_spot
user_handler,DELETE,/favoriteSpot/{spotId},remove_favorite_spot
user_handler,POST,/feedback,register_feedback
user_handler,POST,/firebaseMessaging/login,login_firebase_messaging
user_handler,POST,/firebaseMessaging/logout,logout_firebase_messaging
user_handler,PUT,/firebaseMessaging/notificationSetting,update_firebase_messaging_permission
user_handler,GET,/firebaseMessaging/notificationSetting,get_firebase_messaging_notification_setting
user_handler,POST,/firebaseMessaging/token,create_firebase_messaging_token
user_handler,PUT,/firebaseMessaging/token,update_firebase_messaging_token
user_handler,GET,/firmware/{serialNumber},get_firmware
user_handler,GET,/gacha/{planGroupId},get_gacha_status
user_handler,POST,/gacha/{planGroupId},apply_gacha
user_handler,GET,/gamification,find_gamification_campaign_landing_pages
user_handler,GET,/heatProfile,find_heat_profiles
user_handler,GET,/heatProfileForEvaluation,get_heat_profile_for_evaluation
user_handler,GET,/home/campaign,find_home_campaigns
user_handler,GET,/home/campaign/mainTobacco,find_home_main_tobacco_campaigns
user_handler,GET,/home/carousel,get_home_carousel
user_handler,GET,/home/closedCampaign,find_home_closed_campaigns
user_handler,GET,/home/content,find_home_contents
user_handler,GET,/home/content/area,find_home_area_contents
user_handler,GET,/home/content/card,find_home_content_card
user_handler,GET,/home/content/mainTobacco,find_home_main_tobacco_contents
user_handler,GET,/home/content/personal,find_home_personal_contents
user_handler,GET,/home/popularBrand,find_home_popular_brands
user_handler,GET,/home/userStatus,get_home_user_status
user_handler,GET,/information,find_informations
user_handler,GET,/information/unread/count,get_unread_information_count
user_handler,GET,/information/{code},get_information
user_handler,PUT,/information/{code}/reading,read_information
user_handler,GET,/insider,check_insider
user_handler,POST,/insider,create_insider
user_handler,GET,/instagramApplication,find_instagram_applications
user_handler,POST,/instagramApplication,register_instagram_application
user_handler,PUT,/instagramApplication,cancel_instagram_application
user_handler,GET,/introducee,check_introducee
user_handler,POST,/introducee,apply_introducee_campaign
user_handler,POST,/introducee/subscriptionContract,entry_subscription_contract_introducee_campaign
user_handler,POST,/introducer,register_introducer
user_handler,GET,/introducer,get_introducer
user_handler,GET,/introducer/subscriptionContract,get_subscription_contract_introducer
user_handler,POST,/introducer/subscriptionContract,register_subscription_contract_introducer
user_handler,GET,/ippukugram,find_ippukugrams
user_handler,POST,/ippukugram/like/{id},add_ippukugram_like
user_handler,DELETE,/ippukugram/like/{id},remove_ippukugram_like
user_handler,POST,/likeContent/{contentCode},register_like_content
user_handler,DELETE,/likeContent/{contentCode},remove_like_content
user_handler,GET,/lineIdLink,get_line_id_link
user_handler,POST,/lineIdLink,link_line_id
user_handler,PUT,/lineIdLink,unlink_line_id
user_handler,POST,/lineIdLink/external,link_line_id_for_external_site
user_handler,POST,/lineIdLink/internal,link_line_id_for_internal_site
user_handler,GET,/lineIdLink/judgment,judge_line_id_linked
user_handler,GET,/lineLink,link_line_account
user_handler,GET,/linePoint/{planId},find_line_point_status_by_plan_id
user_handler,POST,/linePoint/{planId},grant_line_point_by_plan_id
user_handler,GET,/lineUrl/destination,get_line_url_destination
user_handler,GET,/lineUrl/redirection,redirect_line_url
user_handler,GET,/login/nativeApp,get_login_native_app
user_handler,GET,/login/nativeApp/gen4,get_login_native_app_gen4
user_handler,GET,/loginUserInfo,get_login_user_info
user_handler,GET,/loginUserInfo/line,get_login_user_info_for_line
user_handler,GET,/loginUserStatus,get_login_user_status
user_handler,GET,/loginUserStatus/line,get_login_user_status_for_line
user_handler,GET,/loginUserStatus/pxc,get_login_user_status_for_pxc
user_handler,POST,/lottery/{planGroupId},apply_lottery
user_handler,GET,/lottery/{planGroupId},get_lottery_status
user_handler,GET,/lottery/{planGroupId}/result,find_lottery_results
user_handler,GET,/lottery/{planGroupId}/tickets,find_lottery_tickets
user_handler,PUT,/mailAddress,update_mail_address
user_handler,POST,/mailAddress/check,check_mail_address
user_handler,POST,/mainTobacco,register_main_tobacco
user_handler,PUT,/mainTobacco,update_main_tobacco
user_handler,POST,/mallPurchase/rakuten/backStockRequest,receive_rakuten_back_stock_request_xml
user_handler,POST,/mallPurchase/rakuten/backStockRequest,receive_rakuten_back_stock_request
user_handler,POST,/mallPurchase/rakuten/examinationResult,receive_rakuten_examination_result_xml
user_handler,POST,/mallPurchase/rakuten/examinationResult,receive_rakuten_examination_result
user_handler,POST,/mallPurchase/rakuten/historyChange,receive_rakuten_purchase_history_change_xml
user_handler,POST,/mallPurchase/rakuten/historyChange,receive_rakuten_purchase_history_change
user_handler,POST,/mallPurchase/rakuten/orderNotification,receive_rakuten_order_notification_xml
user_handler,POST,/mallPurchase/rakuten/orderNotification,receive_rakuten_order_notification
user_handler,POST,/mallPurchase/rakuten/warningOrder,receive_rakuten_warning_order_xml
user_handler,POST,/mallPurchase/rakuten/warningOrder,receive_rakuten_warning_order
user_handler,PUT,/mallRegistration,link_mall_registration_token
user_handler,GET,/mallRegistration/address,check_mall_delivery_address
user_handler,GET,/mallRegistration/token/{registrationTokenId},get_mall_registration_token
user_handler,GET,/mapUserPost/count,get_map_user_post_count
user_handler,GET,/mapgram,find_mapgrams
user_handler,POST,/mapgram/like/{id},add_mapgram_like
user_handler,DELETE,/mapgram/like/{id},remove_mapgram_like
user_handler,POST,/members/accessToken,issue_access_token
user_handler,GET,/mfa,redirect_mfa_url
user_handler,DELETE,/mfa/deactivation,deactivate_mfa
user_handler,POST,/mfa/otp/association,associate_otp
user_handler,POST,/mfa/otp/authentication,authenticate_otp
user_handler,POST,/mfa/sms/association,associate_mfa
user_handler,POST,/mfa/sms/authentication,authenticate_sms_code
user_handler,GET,/microCopy,find_micro_copies
user_handler,GET,/microCopy/unread/count,get_micro_copy_unread_count
user_handler,GET,/microCopy/{code},get_micro_copy
user_handler,PUT,/microCopy/{code}/reading,read_micro_copy
user_handler,GET,/mission,get_mission
user_handler,POST,/mission/complete/{code},complete_mission
user_handler,GET,/mission/history,get_mission_history
user_handler,POST,/momentia,apply_momentia_campaign
user_handler,GET,/momentia,get_momentia_campaign_status
user_handler,POST,/monitor/address,register_address_for_monitor
user_handler,PUT,/monitor/address,update_address_for_monitor
user_handler,POST,/monitor/ent,register_monitor_ent
user_handler,POST,/monitor/mailAddress/check,check_mail_address_for_monitor
user_handler,POST,/monitor/serial/check,check_monitor_serial
user_handler,GET,/monitor/{monitorCode},get_monitor
user_handler,POST,/monitor/{monitorCode},confirm_monitor_entry
user_handler,GET,/monitor/{monitorCode}/detail,get_monitor_detail
user_handler,GET,/monitorEntry/serial/{serial},check_serial
user_handler,GET,/monitorEntry/status/{monitorCode},get_monitor_entry_status
user_handler,GET,/monitorEntryLimit/{monitorCode},check_monitor_entry_limit
user_handler,POST,/movie/{code},complete_movie_viewing
user_handler,GET,/movie/{code},get_movie
user_handler,GET,/my/address,get_my_address
user_handler,GET,/my/birthday,get_my_birthday
user_handler,GET,/my/emailAddress,get_my_email_address
user_handler,GET,/my/idType,get_my_id_type
user_handler,GET,/my/lastName,get_my_last_name
user_handler,GET,/my/loginId,get_my_login_id
user_handler,GET,/my/name,get_my_name
user_handler,GET,/my/other,get_my_other
user_handler,GET,/my/phoneNumber,get_my_phone_number
user_handler,GET,/my/zipCode,get_my_zip_code
user_handler,GET,/myMap,get_my_map
user_handler,GET,/myMap/achievedTitleNotification,notify_achieved_title
user_handler,GET,/myMap/changeRequest,find_change_requests_for_my_map
user_handler,GET,/myMap/frequentlyVisitedSpot,find_frequently_visited_spot_for_my_map
user_handler,GET,/myMap/imageCorrectnessReport,find_image_correctness_reports_for_my_map
user_handler,GET,/myMap/linePointStatus,find_line_point_statuses_for_my_map
user_handler,GET,/myMap/smokableReport,find_smokable_reports_for_my_map
user_handler,GET,/myMap/spotCount,get_spot_count_for_my_map
user_handler,PUT,/myMap/title,update_my_map_title
user_handler,GET,/myMap/title,find_my_map_title_parts
user_handler,GET,/myMap/userPostSpot,find_user_post_spots_for_my_map
user_handler,GET,/myMap/userPostSpotImage,find_user_post_spot_images_for_my_map
user_handler,POST,/nameAndAddress,register_update_account_application
user_handler,POST,/nameAndAddress/check,check_name_and_address
user_handler,GET,/newsletter/{key},check_newsletter_incentive_condition
user_handler,POST,/newsletter/{key},apply_newsletter_incentive
user_handler,GET,/noAction,do_no_action
user_handler,GET,/noSmokingArea,find_no_smoking_areas
user_handler,GET,/partnerCoupon,find_partner_coupons
user_handler,PUT,/partnerCoupon,apply_partner_coupon
user_handler,GET,/partnerCoupon/v2,find_partner_coupons_v2
user_handler,GET,/partnerCoupon/{couponCode},get_partner_coupon
user_handler,PUT,/password,update_password
user_handler,POST,/password/inquiry,inquiry_password
user_handler,POST,/password/reset,reset_password
user_handler,PUT,/password/reset,put_reset_password
user_handler,GET,/permissionSetting,get_permission_setting
user_handler,PUT,/permissionSetting,update_permission
user_handler,POST,/phoneNumber,register_phone_number
user_handler,PUT,/phoneNumber,update_phone_number
user_handler,GET,/pickupCampaign/landingPage,find_pickup_campaign_landing_pages
user_handler,GET,/pickupContent,find_pickup_contents
user_handler,GET,/pickupContentsAndCampaigns,get_pickup_contents_and_campaigns
user_handler,GET,/pickupTab/latest,get_latest_pickup_tab
user_handler,GET,/place,find_places
user_handler,GET,/place/{placeId},get_place
user_handler,GET,/pointHistory,get_point_history
user_handler,GET,/popup,get_popup_group
user_handler,POST,/popup,record_popup_view
user_handler,GET,/postPlace,find_post_places
user_handler,PUT,/prefecture,update_prefecture
user_handler,GET,/pxcBeginnerCampaign,get_pxc_beginner_campaign
user_handler,GET,/pxcDayAchievements,get_pxc_day_achievements
user_handler,POST,/pxcDayAchievements,apply_pxc_day_achievement
user_handler,POST,/pxcDayAchievements/{missionCode},apply_pxc_day_mission
user_handler,GET,/pxcRecommendSection,find_pxc_recommend_categories
user_handler,POST,/pxcRecommendSection,record_recommend_category_display
user_handler,PUT,/pxcRecommendSection,record_recommend_category_click
user_handler,GET,/pxcSpot/ploomStation,find_pxc_ploomstation_spots
user_handler,PUT,/pxcStatusUpNotification/reading,read_pxc_status_up_notification
user_handler,GET,/pxcTobaccosQuestionnaireInformation/{planGroupId},get_pxc_tobaccos_questionnaire_information_list
user_handler,PUT,/pxcTour/reading,read_pxc_tour
user_handler,POST,/questionnaire,answer_questionnaire
user_handler,GET,/questionnaire/pxc/phase,get_pxc_questionnaire_phase
user_handler,GET,/questionnaire/pxc/popup,get_pxc_questionnaire_popup
user_handler,GET,/questionnaire/pxcTobaccosQuestionnaireInformation/{planId},get_pxc_tobaccos_questionnaire_information
user_handler,POST,/questionnaire/segmentation,segment_user
user_handler,GET,/questionnaire/{planId},get_questionnaire_answer
user_handler,GET,/questionnaire/{planId}/status,get_questionnaire_status
user_handler,GET,/questionnaire/{planId}/status/v2,get_questionnaire_status_v2
user_handler,GET,/rectangleA,get_rectangle_a
user_handler,GET,/rectangleB,get_rectangle_b
user_handler,GET,/releaseNote,find_release_notes
user_handler,GET,/rettySpot/{spotCode},get_retty_spot
user_handler,POST,/review,start_review
user_handler,DELETE,/review,end_review
user_handler,POST,/sendingMailUrlAuthentication,authenticate_sending_mail_url
user_handler,PUT,/serialAccumulation,save_serial_points
user_handler,PUT,/serialAccumulation/pxc,save_pxc_serial_points
user_handler,POST,/serialJudgment,judge_used_serial
user_handler,POST,/serialJudgment/banner,judge_used_serial_for_banner
user_handler,GET,/serverTime,get_server_time
user_handler,POST,/shopTransactionPointLog,store_shop_transaction_point_log
user_handler,GET,/shopUserAllDevices,find_on_sale_all_devices
user_handler,GET,/shopUserDevice,find_target_user_device
user_handler,POST,/shopUserDevice/v3,register_target_user_device_v3
user_handler,GET,/shopUserLineIdLinkedJudgement,shop_user_linked_judgement_line_id
user_handler,GET,/shopUserPermissionSetting,get_shop_user_permission
user_handler,POST,/shopUserPermissionSetting,set_shop_user_permission
user_handler,GET,/shopUserPoint/v3,get_user_point
user_handler,POST,/shopUserPurchasePoint,grant_shop_user_purchase_point
user_handler,GET,/shopUserRank/v3,get_target_user_rank_v3
user_handler,POST,/shopUserReducePurchasePoint,reduce_shop_user_purchase_point
user_handler,POST,/shopUserSerialAccumulation/v3,save_target_user_serial_points_v3
user_handler,GET,/shopUserStatus,get_target_user_status
user_handler,POST,/shopUserVisitPoint,grant_shop_user_visit_point
user_handler,GET,/shopapp/campaign/shopCampaign,get_shopapp_campaign_shop_campaign
user_handler,POST,/shopapp/campaign/shopCampaign,post_shopapp_campaign_shop_campaign
user_handler,POST,/shopapp/coupon/cancel,post_shopapp_coupon_cancel
user_handler,POST,/shopapp/device/detail,post_shopapp_device_detail
user_handler,POST,/shopapp/device/v3,post_shopapp_device_v3
user_handler,GET,/shopapp/exchangeDevice,get_shopapp_exchange_device
user_handler,POST,/shopapp/exchangeDevice,post_shopapp_exchange_device
user_handler,POST,/shopapp/mailPermission,post_shopapp_mail_permission
user_handler,GET,/shopapp/questionnaireSetting,get_shopapp_questionnaire_setting
user_handler,POST,/shopapp/refillDevice,post_shopapp_refill_device
user_handler,GET,/shopapp/setting,get_shopapp_setting
user_handler,GET,/shopapp/shop,get_shopapp_shop
user_handler,GET,/shopapp/shop/account,get_shopapp_shop_account
user_handler,GET,/shopapp/storeQuestionnaireSetting,get_shopapp_store_questionnaire_setting
user_handler,GET,/shopapp/terminal,get_shopapp_terminal
user_handler,GET,/shopapp/transaction,get_shopapp_transaction
user_handler,POST,/shopapp/transaction,post_shopapp_transaction
user_handler,GET,/shopapp/transaction/detail,get_shopapp_transaction_detail
user_handler,POST,/shopapp/transaction/point,post_shopapp_transaction_point
user_handler,POST,/shopapp/transaction/point2,post_shopapp_transaction_point2
user_handler,GET,/shopapp/transaction/token,get_shopapp_token
user_handler,GET,/shopapp/trial,get_shopapp_trial
user_handler,POST,/shopapp/trial,post_shopapp_trial
user_handler,GET,/shopapp/trial/devices,get_shopapp_trial_devices
user_handler,GET,/shopapp/user,get_shopapp_user
user_handler,GET,/shopapp/user/{userId},get_shopapp_user_user_id
user_handler,GET,/shopapp/userSegment,get_shopapp_user_segment
user_handler,GET,/shopapp/userSegment/{userId},get_shopapp_user_segment_user_id
user_handler,GET,/spot/filter,get_spot_filter
user_handler,POST,/spot/filter,register_spot_filter
user_handler,PUT,/spot/helpful/{spotId},add_spot_helpful_count
user_handler,GET,/spot/limited,find_limited_spots
user_handler,PUT,/spot/share/{spotId},add_spot_share_count
user_handler,GET,/spot/shopStation,find_shop_station_spots
user_handler,GET,/spot/{spotId},get_spot
user_handler,GET,/spot/{spotId}/relatedCount,get_spot_related_count
user_handler,GET,/spotCoupon,find_spot_coupons
user_handler,POST,/spotReport,register_spot_report
user_handler,POST,/spotReport/auth,register_spot_report_auth
user_handler,POST,/spotReport/campaignApplication,apply_spot_report_campaign
user_handler,POST,/spotReport/fixRequest,register_spot_fix_request
user_handler,GET,/spotReport/{spotId}/summary,get_spot_report_summary
user_handler,GET,/sscId,get_ssc_id
user_handler,GET,/storeAndUse,get_store_and_use
user_handler,GET,/storeAndUse/deliveryHistory,find_delivery_histories
user_handler,POST,/subTobacco,register_sub_tobacco
user_handler,PUT,/subTobacco,update_sub_tobacco
user_handler,GET,/subscriptionContract/agreement,check_subscription_contract
user_handler,GET,/supportContent,find_support_contents
user_handler,GET,/supportContent/product/{code},find_support_contents_by_product
user_handler,GET,/supportContent/ranking,find_support_contents_by_access_ranking
user_handler,GET,/supportContent/{id},get_support_content
user_handler,POST,/surveyMonkey,access_survey_monkey
user_handler,GET,/target,get_target
user_handler,GET,/targetUser/{key},check_target_user
user_handler,GET,/tn/{family},get_tn
user_handler,GET,/toast,find_toasts
user_handler,GET,/toast/{code},get_toast
user_handler,PUT,/toast/{code}/reading,read_toast
user_handler,GET,/tobacco,find_tobaccos
user_handler,GET,/transferTargetStore,find_transfer_target_stores
user_handler,GET,/trialMonitorApplication,get_trial_monitor
user_handler,POST,/trialMonitorApplication,apply_trial_monitor
user_handler,POST,/trialMonitorBuy,buy_trial_monitor
user_handler,POST,/trialMonitorCheck,check_trial_monitor
user_handler,GET,/trialMonitorIntroducer/pxc,get_trial_monitor_introducer_pxc
user_handler,GET,/trialMonitorLightApplication,get_trial_monitor_light
user_handler,POST,/trialMonitorLightApplication,apply_trial_monitor_light
user_handler,POST,/trialMonitorLightBuy,buy_trial_monitor_light
user_handler,POST,/trialMonitorLightCheck,check_trial_monitor_light
user_handler,POST,/trialMonitorLightReturn,return_trial_monitor_light
user_handler,POST,/trialMonitorReturn,return_trial_monitor
user_handler,GET,/userAttribute,find_user_attributes
user_handler,PUT,/userAttribute,set_user_attribute
user_handler,GET,/userCoupon,find_user_coupons
user_handler,GET,/userCoupon/{userCouponId},get_user_coupon
user_handler,POST,/userCoupon/{userCouponId},use_user_coupon
user_handler,PUT,/userCouponReset,reset_user_coupon
user_handler,POST,/userHeatProfile,create_user_heat_profile
user_handler,GET,/userHeatProfile,find_user_heat_profiles
user_handler,GET,/userHeatProfile/{id},get_user_heat_profile
user_handler,PUT,/userHeatProfile/{id},update_user_heat_profile
user_handler,DELETE,/userHeatProfile/{id},delete_user_heat_profile
user_handler,PUT,/userNotification/{notificationCode}/reading,read_user_notification
user_handler,POST,/userPostSpot,create_user_post_spot
user_handler,POST,/userPostSpot/auth,create_user_post_spot_auth
user_handler,POST,/userPostSpot/image/url,get_user_post_spot_image_upload_presigned_url
user_handler,GET,/userPostSpot/{id},get_user_post_spot
user_handler,DELETE,/userPostSpot/{id},remove_user_post_spot
user_handler,POST,/userPostSpotImage,register_user_post_spot_image
user_handler,POST,/userPostSpotImage/auth,register_user_post_spot_image_auth
user_handler,PUT,/userSpotCoupon,use_user_spot_coupon
user_handler,PUT,/userSpotCoupon/v2,use_user_spot_coupon_v2
user_handler,GET,/userSpotCoupon/v2/{spotId}/{spotCouponCode},get_user_spot_coupon_v2
user_handler,GET,/userSpotCoupon/{spotId}/{spotCouponCode},get_user_spot_coupon
user_handler,GET,/userTicket,find_user_tickets
user_handler,POST,/visitedSpot,visit_spot
user_handler,GET,/wallpaper,find_wallpapers
user_handler,POST,/wallpaper,register_wallpaper
user_handler,PUT,/wallpaper,get_wallpaper_upload_presigned_url
user_handler,GET,/wallpaper/campaign/{planId},get_campaign_wallpaper
user_handler,GET,/wallpaper/{id},get_wallpaper
user_handler,PUT,/webNotification/{code}/reading,read_web_notification
user_handler,POST,/withdrawal,withdraw
user_handler,GET,/callback/,callback
user_handler,GET,/logout/,logout
operator_handler,POST,/account/import,create_account_from_file
operator_handler,GET,/account/import/result,check_account_import_result
operator_handler,GET,/advertisementSection,find_advertisement_section
operator_handler,POST,/advertisementSection,create_advertisement_section
operator_handler,PUT,/advertisementSection,update_advertisement_section
operator_handler,POST,/advertisementSection/copy,copy_advertisement_section
operator_handler,PUT,/advertisementSection/sync/{id},synchronize_advertisement_section
operator_handler,GET,/advertisementSection/{id},get_advertisement_section
operator_handler,POST,/alertLog,send_alert_log
operator_handler,GET,/allPermissionSetting,find_all_permission_settings
operator_handler,POST,/allPermissionSetting,create_all_permission_setting
operator_handler,PUT,/allPermissionSetting,update_all_permission_setting
operator_handler,GET,/allPermissionSetting/{id},get_all_permission_setting
operator_handler,DELETE,/allPermissionSetting/{id},delete_all_permission_setting
operator_handler,GET,/areaSpot,find_area_spots
operator_handler,GET,/areaSpot/tile,get_area_spot_tiles
operator_handler,GET,/article,find_articles
operator_handler,POST,/article,create_article
operator_handler,PUT,/article,update_article
operator_handler,POST,/article/copy,copy_article
operator_handler,POST,/article/proofreading,proofread_article
operator_handler,PUT,/article/sync/{pageId},synchronize_article
operator_handler,GET,/article/{pageId},get_article
operator_handler,GET,/authenticationApplication,find_authentication_applications
operator_handler,POST,/authenticationApplication,create_authentication_application
operator_handler,GET,/authenticationApplication/{applicationNumber},get_authentication_application
operator_handler,GET,/authenticator/{userId},find_authenticators
operator_handler,DELETE,/authenticator/{userId},delete_authenticators
operator_handler,GET,/autoGrantCoupon,find_auto_grant_coupons
operator_handler,POST,/autoGrantCoupon,create_auto_grant_coupon
operator_handler,PUT,/autoGrantCoupon,update_auto_grant_coupon
operator_handler,GET,/autoGrantCoupon/{id},get_auto_grant_coupon
operator_handler,DELETE,/autoGrantCoupon/{id},delete_auto_grant_coupon_id
operator_handler,GET,/banner/gen4,find_banners
operator_handler,POST,/banner/gen4,create_banner
operator_handler,PUT,/banner/gen4,update_banner
operator_handler,POST,/banner/gen4/copy,copy_banner
operator_handler,POST,/banner/gen4/sync/{id},synchronize_banner
operator_handler,GET,/banner/gen4/{id},get_banner
operator_handler,DELETE,/banner/gen4/{id},delete_banner
operator_handler,GET,/basePoint,find_base_points
operator_handler,POST,/basePoint,create_base_point
operator_handler,PUT,/basePoint,update_base_point
operator_handler,GET,/basePoint/download,download_base_point_file
operator_handler,GET,/basePoint/{id},get_base_point
operator_handler,DELETE,/basePoint/{id},delete_base_point
operator_handler,GET,/branchOffice,find_branch_offices
operator_handler,POST,/branchOffice,create_branch_office
operator_handler,PUT,/branchOffice,update_branch_office
operator_handler,GET,/branchOffice/{code},get_branch_office
operator_handler,DELETE,/branchOffice/{code},delete_branch_office
operator_handler,GET,/branchTeam,find_branch_teams
operator_handler,POST,/branchTeam,create_branch_team
operator_handler,PUT,/branchTeam,update_branch_team
operator_handler,DELETE,/branchTeam/{id},delete_branch_team
operator_handler,GET,/brand,find_brands
operator_handler,POST,/brand,create_brand
operator_handler,PUT,/brand,update_brand
operator_handler,GET,/brand/{code},get_brand
operator_handler,PUT,/cats/user,update_cats_user
operator_handler,GET,/certificate,find_certificates
operator_handler,GET,/certificate/{applicationNumber}/{imageNumber},get_certificate
operator_handler,GET,/cjto/{userId},get_user_status_for_cjto
operator_handler,GET,/clubjtgram,find_clubjtgrams
operator_handler,POST,/clubjtgram,create_clubjtgram
operator_handler,PUT,/clubjtgram,update_clubjtgram
operator_handler,POST,/clubjtgram/export,create_clubjtgram_file
operator_handler,GET,/clubjtgram/export/result,check_clubjtgram_file_export_result
operator_handler,GET,/clubjtgram/{id},get_clubjtgram
operator_handler,GET,/company,find_companies
operator_handler,GET,/content,find_contents
operator_handler,POST,/content,create_content
operator_handler,PUT,/content,update_content
operator_handler,GET,/content/beforeLogin,find_before_login_contents
operator_handler,POST,/content/beforeLogin,create_before_login_content
operator_handler,PUT,/content/beforeLogin,update_before_login_content
operator_handler,POST,/content/beforeLogin/copy,copy_before_login_content
operator_handler,PUT,/content/beforeLogin/sync/{code},synchronize_before_login_content
operator_handler,GET,/content/beforeLogin/{code},get_before_login_content
operator_handler,DELETE,/content/beforeLogin/{code},delete_before_login_content
operator_handler,POST,/content/copy,copy_content
operator_handler,GET,/content/download,download_content_file
operator_handler,GET,/content/operator,find_content_operator
operator_handler,PUT,/content/sync/{code},synchronize_content
operator_handler,GET,/content/{code},get_content
operator_handler,DELETE,/content/{code},delete_content
operator_handler,GET,/contentCard/group,find_content_card_groups
operator_handler,POST,/contentCard/group,create_content_card_group
operator_handler,PUT,/contentCard/group,update_content_card_group
operator_handler,POST,/contentCard/group/copy,copy_content_card_group
operator_handler,PUT,/contentCard/group/sync/{contentCardId},synchronize_content_card_group
operator_handler,GET,/contentCard/group/{contentCardId},get_content_card_group
operator_handler,DELETE,/contentCard/group/{contentCardId},delete_content_card_group
operator_handler,DELETE,/contentCard/{id},delete_content_card
operator_handler,GET,/coupon,find_coupons
operator_handler,POST,/coupon,create_coupon
operator_handler,PUT,/coupon,update_coupon
operator_handler,POST,/coupon/consumerSatisfaction,set_consumer_satisfaction_coupon
operator_handler,POST,/coupon/copy,copy_coupon
operator_handler,GET,/coupon/pickup,find_pickup_coupons
operator_handler,PUT,/coupon/pickup,update_pickup_coupon
operator_handler,DELETE,/coupon/pickup,delete_pickup_coupon
operator_handler,PUT,/coupon/sync/{code},synchronize_coupon
operator_handler,GET,/coupon/{code},get_coupon
operator_handler,DELETE,/coupon/{code},delete_coupon
operator_handler,GET,/couponBrandLogo,find_coupon_brand_logos
operator_handler,POST,/couponBrandLogo,create_coupon_brand_logo
operator_handler,PUT,/couponBrandLogo,update_coupon_brand_logo
operator_handler,GET,/couponBrandLogo/{id},get_coupon_brand_logo
operator_handler,DELETE,/couponBrandLogo/{id},delete_coupon_brand_logo
operator_handler,GET,/couponSerial/import/result,check_coupon_serial_import_result
operator_handler,POST,/couponSerial/import/{couponCode},create_coupon_serial_from_file
operator_handler,GET,/couponSpot/{couponGroup},find_coupon_spots
operator_handler,GET,/crowdfunding,find_crowdfunding_plans
operator_handler,GET,/crowdfunding/status/{planGroupId},get_crowdfunding_status
operator_handler,PUT,/crowdfunding/status/{planGroupId},update_crowdfunding_status
operator_handler,POST,/customerStatus/import,import_customer_status
operator_handler,GET,/dc,find_dcs
operator_handler,PUT,/dc,update_dc
operator_handler,GET,/dc/{id},get_dc
operator_handler,GET,/dcMonitor,find_dc_monitors
operator_handler,POST,/dcMonitor,create_dc_monitor
operator_handler,PUT,/dcMonitor,update_dc_monitor
operator_handler,GET,/dcMonitor/download,download_dc_monitor_file
operator_handler,GET,/dcMonitor/flyer,find_dc_monitor_flyers
operator_handler,POST,/dcMonitor/flyer,create_dc_monitor_flyer
operator_handler,GET,/dcMonitor/officeTeam/download,download_dc_monitor_office_team_file
operator_handler,GET,/dcMonitor/{code},get_dc_monitor
operator_handler,POST,/delivery,create_deliveries
operator_handler,POST,/delivery/complete/import,update_delivery_complete_from_file
operator_handler,GET,/delivery/complete/import/result,check_update_delivery_complete_result
operator_handler,POST,/delivery/export,create_delivery_file
operator_handler,GET,/delivery/export/result,check_create_delivery_file_result
operator_handler,GET,/delivery/history/{userId},find_delivery_histories
operator_handler,POST,/delivery/import,create_delivery_from_file
operator_handler,GET,/delivery/import/result,check_delivery_import_result
operator_handler,POST,/delivery/redelivery/import,update_delivery_resend_from_file
operator_handler,GET,/delivery/redelivery/import/result,check_update_delivery_resend_result
operator_handler,POST,/delivery/slipNumber/import,update_delivery_slip_number_from_file
operator_handler,GET,/delivery/slipNumber/import/result,check_update_delivery_slip_number_result
operator_handler,PUT,/delivery/status,update_delivery_status
operator_handler,POST,/delivery/status/import,update_delivery_status_from_file
operator_handler,GET,/delivery/status/import/result,check_update_delivery_status_result
operator_handler,GET,/deliveryList,find_delivery_list
operator_handler,GET,/deliverySchedule,find_delivery_schedules
operator_handler,POST,/deliverySchedule,create_delivery_schedule
operator_handler,PUT,/deliverySchedule,update_delivery_schedule
operator_handler,DELETE,/deliverySchedule/{id},delete_delivery_schedule
operator_handler,GET,/device,find_devices
operator_handler,POST,/device,create_device
operator_handler,PUT,/device,update_device
operator_handler,GET,/device/download,download_device_file
operator_handler,POST,/device/import,update_device_from_file
operator_handler,GET,/device/import/result,check_update_device_result
operator_handler,GET,/device/{code},get_device
operator_handler,GET,/deviceSerial,find_device_serials
operator_handler,GET,/deviceType,find_device_types
operator_handler,POST,/draftReviewer,create_draft_reviewer
operator_handler,PUT,/draftReviewer,update_draft_reviewer
operator_handler,GET,/draftReviewer/unique/{userId},check_draft_reviewer_uniqueness
operator_handler,GET,/draftReviewer/{userId},get_draft_reviewer
operator_handler,DELETE,/draftReviewer/{userId},delete_draft_reviewer
operator_handler,GET,/ec/user/{userId},get_ec_user
operator_handler,GET,/ec/userCoupon,find_ec_user_coupons
operator_handler,POST,/ec/userCoupon,use_ec_user_coupon
operator_handler,POST,/ec/userCoupon/reset,reset_ec_user_coupon
operator_handler,GET,/ec/userStatus/{userId},get_ec_user_status
operator_handler,GET,/ecContent,find_ec_contents
operator_handler,POST,/ecContent,create_ec_content
operator_handler,PUT,/ecContent,update_ec_content
operator_handler,POST,/ecContent/copy,copy_ec_content
operator_handler,PUT,/ecContent/sync/{code},synchronize_ec_content
operator_handler,GET,/ecContent/{code},get_ec_content
operator_handler,DELETE,/ecContent/{code},delete_ec_content
operator_handler,GET,/ent,find_ents
operator_handler,POST,/ent,create_ent
operator_handler,PUT,/ent,update_ent
operator_handler,GET,/ent/{id},get_ent
operator_handler,DELETE,/ent/{id},delete_ent
operator_handler,POST,/errorReport,send_error_report
operator_handler,GET,/exclusionUser,find_exclusion_users
operator_handler,POST,/exclusionUser/import,create_exclusion_user_from_file
operator_handler,GET,/exclusionUser/import/result,check_exclusion_user_import_result
operator_handler,DELETE,/exclusionUser/{id},delete_exclusion_user
operator_handler,GET,/externalCharacter,find_external_characters
operator_handler,POST,/externalCharacter,create_external_character
operator_handler,DELETE,/externalCharacter/{sourceCharacter},delete_external_character
operator_handler,GET,/firmware,find_firmwares
operator_handler,GET,/holiday,find_holidays
operator_handler,POST,/holiday,create_holiday
operator_handler,PUT,/holiday,update_holiday
operator_handler,GET,/holiday/download,download_holiday_file
operator_handler,POST,/holiday/import,create_holidays_from_file
operator_handler,GET,/holiday/{dateOn},get_holiday
operator_handler,DELETE,/holiday/{dateOn},delete_holiday
operator_handler,POST,/homeCarousel/asset/copy,copy_home_carousel_asset
operator_handler,PUT,/homeCarousel/asset/sync,synchronize_home_carousel_asset
operator_handler,POST,/homeCarousel/group,create_home_carousel_group
operator_handler,GET,/homeCarousel/group,find_home_carousel_groups
operator_handler,PUT,/homeCarousel/group,update_home_carousel_group
operator_handler,POST,/homeCarousel/group/copy,copy_home_carousel_group
operator_handler,PUT,/homeCarousel/group/sync/{homeCarouselId},synchronize_home_carousel_group
operator_handler,DELETE,/homeCarousel/group/{homeCarouselId},delete_home_carousel_group
operator_handler,GET,/homeCarousel/group/{homeCarouselId},get_home_carousel_group
operator_handler,GET,/homeCarouselAsset,find_home_carousel_assets
operator_handler,POST,/homeCarouselAsset,create_home_carousel_asset
operator_handler,PUT,/homeCarouselAsset,update_home_carousel_asset
operator_handler,GET,/homeCarouselAsset/{id},get_home_carousel_asset
operator_handler,DELETE,/homeCarouselAsset/{id},delete_home_carousel_asset
operator_handler,GET,/homeCarouselInformation,get_home_carousel_information
operator_handler,POST,/iam/alertLog,send_alert_log_through_iam
operator_handler,GET,/information,find_informations
operator_handler,POST,/information,create_information
operator_handler,PUT,/information,update_information
operator_handler,GET,/information/bulkImport,find_bulk_import_informations
operator_handler,POST,/information/bulkImport,create_bulk_import_information
operator_handler,GET,/information/bulkImport/check,check_bulk_import_information_target
operator_handler,GET,/information/bulkImport/{id},get_bulk_import_information
operator_handler,DELETE,/information/bulkImport/{id},delete_bulk_import_information
operator_handler,POST,/information/copy,copy_information
operator_handler,PUT,/information/sync/{code},synchronize_information
operator_handler,GET,/information/{code},get_information
operator_handler,DELETE,/information/{code},delete_information
operator_handler,GET,/informationManager,find_information_managers
operator_handler,GET,/insider,find_insiders
operator_handler,POST,/insider/import,update_insider_from_file
operator_handler,GET,/insider/import/result,check_update_insider_result
operator_handler,GET,/inspection,find_inspections
operator_handler,PUT,/inspection,update_inspection_result
operator_handler,PUT,/inspection/lock,release_inspection_lock
operator_handler,GET,/inspection/next,get_next_inspection
operator_handler,GET,/inspection/{applicationNumber},get_inspection
operator_handler,GET,/inspectionNotice,find_inspection_notices
operator_handler,POST,/inspectionNotice,create_inspection_notice
operator_handler,PUT,/inspectionNotice,update_inspection_notice
operator_handler,GET,/inspectionNotice/{id},get_inspection_notice
operator_handler,DELETE,/inspectionNotice/{id},delete_inspection_notice
operator_handler,GET,/inspectionStatus,find_inspection_status
operator_handler,GET,/inspectionStatus/next,get_next_inspection_status
operator_handler,GET,/instagram/comment,find_instagram_comments
operator_handler,GET,/instagram/comment/download,download_instagram_comment_file
operator_handler,POST,/instagram/comment/import,create_instagram_comment_from_file
operator_handler,GET,/instagram/comment/import/result,check_instagram_comment_file_result
operator_handler,DELETE,/instagram/comment/{id},delete_instagram_comment
operator_handler,GET,/instagramApplication,find_instagram_applications
operator_handler,PUT,/instagramApplication,update_instagram_application
operator_handler,POST,/instagramApplication/actionRequired/import,update_instagram_applications_action_required_from_file
operator_handler,POST,/instagramApplication/approve/import,approve_instagram_application_from_file
operator_handler,GET,/instagramApplication/approve/import/result,check_instagram_application_file_approve_result
operator_handler,POST,/instagramApplication/export,create_instagram_application_file
operator_handler,GET,/instagramApplication/export/result,check_instagram_application_file_export_result
operator_handler,POST,/instagramApplication/user,check_instagram_users
operator_handler,POST,/instagramApplication/welcomeMessage/import,update_instagram_applications_welcome_message_from_file
operator_handler,GET,/landingPage,find_landing_pages
operator_handler,POST,/landingPage,create_landing_page
operator_handler,PUT,/landingPage,update_landing_page
operator_handler,GET,/landingPage/lineCarousel,find_line_carousel_landing_pages
operator_handler,GET,/landingPage/{planGroupId}/{id},get_landing_page
operator_handler,POST,/lineLinkage/test/link,link_line_linkage_test
operator_handler,PUT,/lineLinkage/test/unlink,unlink_line_linkage_test
operator_handler,PUT,/lineLinkage/unlink,unlink_line_linkage
operator_handler,GET,/lineLinkage/{userId},get_line_linkage_information
operator_handler,GET,/mailMagazine,find_mail_magazines
operator_handler,POST,/mailMagazine,create_mail_magazine
operator_handler,GET,/mailMagazine/import/history/{workArea}/{addressBookId},find_mail_magazine_import_histories
operator_handler,GET,/mailMagazine/import/result/{workArea}/{addressBookId},check_mail_magazine_import_result
operator_handler,POST,/mailMagazine/import/{workArea}/{addressBookId},import_address_book_from_file
operator_handler,PUT,/mailMagazine/import/{workArea}/{addressBookId},cancel_address_book_import
operator_handler,GET,/mailMagazine/{workArea}/{addressBookId},get_mail_magazine
operator_handler,GET,/mailMagazineHistory,find_mail_magazine_histories
operator_handler,GET,/mallProduct,find_mall_products
operator_handler,POST,/mallProduct,create_mall_product
operator_handler,PUT,/mallProduct,update_mall_product
operator_handler,GET,/mallProduct/{id},get_mall_product
operator_handler,DELETE,/mallProduct/{id},delete_mall_product
operator_handler,GET,/mallPurchase,find_mall_purchases
operator_handler,GET,/mallPurchase/download,download_mall_purchase
operator_handler,POST,/mallPurchase/mail/remind,send_remind_mail_manually
operator_handler,GET,/mallPurchase/mail/{purchaseId},find_mall_purchase_mails
operator_handler,GET,/mallPurchase/maskingLog,find_mall_purchase_masking_logs
operator_handler,GET,/mallPurchase/maskingLog/download,download_mall_purchase_masking_log_file
operator_handler,PUT,/mallPurchase/outBounce,update_out_bounce
operator_handler,GET,/mallPurchase/outBounce/{purchaseId},get_out_bounce
operator_handler,PUT,/mallPurchase/rakuten/cancel,cancel_rakuten_purchase
operator_handler,GET,/mallPurchase/rakuten/{purchaseId},get_rakuten_purchase
operator_handler,PUT,/mallPurchase/yahoo/cancel,cancel_yahoo_purchase
operator_handler,POST,/mallPurchase/yahoo/refreshToken,register_yahoo_verification_code
operator_handler,GET,/mallPurchase/yahoo/{purchaseId},get_yahoo_purchase
operator_handler,GET,/mallPurchase/{purchaseId},get_mall_purchase
operator_handler,GET,/microCopy,find_micro_copies
operator_handler,POST,/microCopy,create_micro_copy
operator_handler,PUT,/microCopy,update_micro_copy
operator_handler,GET,/microCopy/{code},get_micro_copy
operator_handler,DELETE,/microCopy/{code},delete_micro_copy
operator_handler,GET,/mission,find_user_missions
operator_handler,GET,/mission/history/{userId},find_mission_histories
operator_handler,GET,/monitor,find_monitors
operator_handler,POST,/monitor,create_monitor
operator_handler,PUT,/monitor,update_monitor
operator_handler,GET,/monitor/download,download_monitor_file
operator_handler,GET,/monitor/old/lpCount,get_monitor_lp_page_view_count
operator_handler,GET,/monitor/old/newUser,find_monitor_new_users
operator_handler,GET,/monitor/old/ngUser,find_monitor_ng_users
operator_handler,GET,/monitor/poster/download,download_monitor_poster_file
operator_handler,GET,/monitor/surveyResult/export,export_monitor_survey_result
operator_handler,GET,/monitor/surveyResult/export/result,check_monitor_survey_result_export
operator_handler,GET,/monitor/{code},get_monitor
operator_handler,GET,/monitorEntryHistory,find_monitor_entry_histories
operator_handler,GET,/monitorFlyer,find_monitor_flyers
operator_handler,POST,/monitorFlyer,create_monitor_flyer
operator_handler,GET,/noPublishSpot,find_no_publish_spots
operator_handler,POST,/noPublishSpot,create_no_publish_spot
operator_handler,PUT,/noPublishSpot,update_no_publish_spot
operator_handler,POST,/noPublishSpot/export,create_no_publish_spot_file
operator_handler,GET,/noPublishSpot/export/result,check_no_publish_spot_file_export_result
operator_handler,POST,/noPublishSpot/import,create_no_publish_spots_from_file
operator_handler,GET,/noPublishSpot/import/result,check_no_publish_spot_file_import_result
operator_handler,GET,/noPublishSpot/{code},get_no_publish_spot
operator_handler,DELETE,/noPublishSpot/{code},delete_no_publish_spot
operator_handler,GET,/noSmokingArea,find_no_smoking_areas
operator_handler,POST,/noSmokingArea,create_no_smoking_area
operator_handler,PUT,/noSmokingArea,update_no_smoking_area
operator_handler,GET,/noSmokingArea/download,download_no_smoking_area_file
operator_handler,GET,/noSmokingArea/{id},get_no_smoking_area
operator_handler,DELETE,/noSmokingArea/{id},delete_no_smoking_area
operator_handler,GET,/operator/brandManager,find_brand_manager_operators
operator_handler,GET,/operator/role,get_operator_role
operator_handler,GET,/optionalCouponType,find_optional_coupon_types
operator_handler,POST,/optionalCouponType,create_optional_coupon_type
operator_handler,PUT,/optionalCouponType,update_optional_coupon_type
operator_handler,POST,/optionalCouponType/copy,copy_optional_coupon_type
operator_handler,GET,/optionalCouponType/{code},get_optional_coupon_type
operator_handler,DELETE,/optionalCouponType/{code},delete_optional_coupon_type
operator_handler,GET,/optionalSpotInformation,find_optional_spot_information
operator_handler,POST,/optionalSpotInformation,create_optional_spot_information
operator_handler,PUT,/optionalSpotInformation,update_optional_spot_information
operator_handler,GET,/optionalSpotInformation/{code},get_optional_spot_information
operator_handler,DELETE,/optionalSpotInformation/{code},delete_optional_spot_information
operator_handler,POST,/optionalSpotInformation/{code}/targetSpot,add_optional_spot_information_target_spot
operator_handler,GET,/optionalSpotInformation/{code}/targetSpot/download,download_target_spot_file
operator_handler,POST,/optionalSpotInformation/{code}/targetSpot/import,create_target_spots_from_file
operator_handler,GET,/optionalSpotInformation/{code}/targetSpot/import/result,check_target_spot_file_result
operator_handler,DELETE,/optionalSpotInformation/{code}/targetSpot/{spotId},delete_optional_spot_information_target_spot
operator_handler,GET,/packageSerial,get_package_serial
operator_handler,GET,/pickupTab,find_pickup_tabs
operator_handler,POST,/pickupTab,create_pickup_tab
operator_handler,PUT,/pickupTab,update_pickup_tab
operator_handler,POST,/pickupTab/copy,copy_pickup_tab
operator_handler,PUT,/pickupTab/sync/{code},synchronize_pickup_tab
operator_handler,GET,/pickupTab/{code},get_pickup_tab
operator_handler,DELETE,/pickupTab/{code},delete_pickup_tab
operator_handler,GET,/piiAccessCheck,get_pii_access_check
operator_handler,GET,/piiApi,get_pii_api
operator_handler,GET,/plan,find_plans
operator_handler,POST,/plan,create_plan
operator_handler,PUT,/plan,update_plan
operator_handler,GET,/plan/choice,find_plan_choices
operator_handler,POST,/plan/copy,copy_plan
operator_handler,PUT,/plan/sync/{planId},synchronize_plan
operator_handler,GET,/plan/sync/{planId}/check,check_plan_synchronization
operator_handler,GET,/plan/{id},get_plan
operator_handler,DELETE,/plan/{id},delete_plan
operator_handler,PUT,/plan/{id}/published,publish_plan
operator_handler,POST,/plan/{id}/targetTobacco/import,create_target_tobaccos_from_file
operator_handler,GET,/plan/{id}/targetTobacco/import/result,check_target_tobaccos_import
operator_handler,PUT,/plan/{id}/unpublished,unpublish_plan
operator_handler,GET,/planApplication,find_plan_applications
operator_handler,GET,/planApplication/dailySummary/{planId},find_plan_application_daily_summaries
operator_handler,POST,/planApplication/import,create_plan_application_from_file
operator_handler,GET,/planApplication/import/result,check_plan_application_import_result
operator_handler,PUT,/planApplication/status/import,update_plan_application_status_from_file
operator_handler,GET,/planApplication/status/import/result,check_plan_application_status_import_result
operator_handler,GET,/planApplication/status/import/summary,find_plan_application_status_summaries_from_file
operator_handler,PUT,/planApplication/{id}/cancel,cancel_plan_application
operator_handler,GET,/planGroup,find_plan_groups
operator_handler,POST,/planGroup,create_plan_group
operator_handler,PUT,/planGroup,update_plan_group
operator_handler,GET,/planGroup/choice,find_plan_group_choices
operator_handler,POST,/planGroup/copy,copy_plan_group
operator_handler,PUT,/planGroup/sync/{planGroupId},synchronize_plan_group
operator_handler,GET,/planGroup/sync/{planGroupId}/check,check_plan_group_synchronization
operator_handler,GET,/planGroup/{id},get_plan_group
operator_handler,DELETE,/planGroup/{id},delete_plan_group
operator_handler,GET,/planUpdateHistory/detail/{updateKey},find_plan_update_history_details
operator_handler,GET,/planUpdateHistory/summary/{planGroupId},find_plan_update_history_summaries
operator_handler,PUT,/point/grant/short,grant_short_point
operator_handler,PUT,/point/grant/year,grant_year_point
operator_handler,GET,/pointChangeHistory,find_point_change_histories
operator_handler,GET,/pointHistory,find_point_histories
operator_handler,GET,/postLotterySchedule,find_post_lottery_schedules
operator_handler,POST,/postLotterySchedule,create_post_lottery_schedule
operator_handler,PUT,/postLotterySchedule,update_post_lottery_schedule
operator_handler,DELETE,/postLotterySchedule/{id},delete_post_lottery_schedule
operator_handler,POST,/presignedUrl/download,get_download_presigned_url
operator_handler,POST,/presignedUrl/download/deliveryList,get_delivery_list_download_presigned_url
operator_handler,POST,/presignedUrl/upload,get_upload_presigned_url
operator_handler,GET,/pxcDeviceRepair,find_pxc_device_repairs
operator_handler,POST,/pxcDeviceRepair,create_pxc_device_repair
operator_handler,PUT,/pxcDeviceRepair,update_pxc_device_repair
operator_handler,DELETE,/pxcDeviceRepair/{id},delete_pxc_device_repair
operator_handler,GET,/pxcUserStatus/{userId},get_pxc_user_status
operator_handler,PUT,/pxcUserStatus/{userId},update_pxc_user_status
operator_handler,GET,/pxcUserStatusChangeHistory/{userId},find_pxc_user_status_change_histories
operator_handler,GET,/qrBanner,find_qr_banners
operator_handler,PUT,/qrBanner,update_qr_banner
operator_handler,POST,/qrBanner,create_qr_banner
operator_handler,POST,/qrBanner/copy,copy_qr_banner
operator_handler,PUT,/qrBanner/sync/{id},synchronize_qr_banner
operator_handler,GET,/qrBanner/{id},get_qr_banner
operator_handler,DELETE,/qrBanner/{id},delete_qr_banner
operator_handler,GET,/questionnaireAnswerHistory,find_questionnaire_answer_histories
operator_handler,GET,/rankChangeHistory,find_rank_change_histories
operator_handler,GET,/rectangleA,find_rectangle_as
operator_handler,POST,/rectangleA,create_rectangle_a
operator_handler,PUT,/rectangleA,update_rectangle_a
operator_handler,GET,/rectangleA/asset,find_rectangle_a_assets
operator_handler,POST,/rectangleA/asset,create_rectangle_a_asset
operator_handler,PUT,/rectangleA/asset,update_rectangle_a_asset
operator_handler,POST,/rectangleA/asset/copy,copy_rectangle_a_asset
operator_handler,GET,/rectangleA/asset/{id},get_rectangle_a_asset
operator_handler,DELETE,/rectangleA/asset/{id},delete_rectangle_a_asset
operator_handler,POST,/rectangleA/copy,copy_rectangle_a
operator_handler,POST,/rectangleA/sync/{id},synchronize_rectangle_a
operator_handler,GET,/rectangleA/{id},get_rectangle_a
operator_handler,DELETE,/rectangleA/{id},delete_rectangle_a
operator_handler,GET,/rectangleB,find_rectangle_b
operator_handler,POST,/rectangleB,create_rectangle_b
operator_handler,PUT,/rectangleB,update_rectangle_b
operator_handler,GET,/rectangleB/asset,find_rectangle_b_assets
operator_handler,POST,/rectangleB/asset,create_rectangle_b_asset
operator_handler,PUT,/rectangleB/asset,update_rectangle_b_asset
operator_handler,POST,/rectangleB/asset/copy,copy_rectangle_b_asset
operator_handler,GET,/rectangleB/asset/{id},get_rectangle_b_asset
operator_handler,DELETE,/rectangleB/asset/{id},delete_rectangle_b_asset
operator_handler,POST,/rectangleB/copy,copy_rectangle_b
operator_handler,POST,/rectangleB/sync/{id},synchronize_rectangle_b
operator_handler,GET,/rectangleB/{id},get_rectangle_b
operator_handler,DELETE,/rectangleB/{id},delete_rectangle_b
operator_handler,GET,/releaseNote,find_release_notes
operator_handler,POST,/releaseNote,create_release_note
operator_handler,PUT,/releaseNote,update_release_note
operator_handler,GET,/releaseNote/{code},get_release_note
operator_handler,DELETE,/releaseNote/{code},delete_release_note
operator_handler,GET,/serial/judge,judge_serial
operator_handler,GET,/shortUrl,find_short_urls
operator_handler,POST,/shortUrl,create_short_url
operator_handler,PUT,/shortUrl,update_short_url
operator_handler,GET,/shortUrl/{id},get_short_url
operator_handler,DELETE,/shortUrl/{id},delete_short_url
operator_handler,POST,/snowflake/file/resend,resend_snowflake_file
operator_handler,POST,/snowflake/query,check_snowflake_query
operator_handler,GET,/spot,find_spots
operator_handler,POST,/spot,create_spot
operator_handler,PUT,/spot,update_spot
operator_handler,GET,/spot/export/result/{spotManagerCode},check_spot_file_export_result
operator_handler,POST,/spot/export/{spotManagerCode},create_spot_file
operator_handler,POST,/spot/import,create_spots_from_file
operator_handler,GET,/spot/import/result/{spotManagerCode},check_spot_file_import_result
operator_handler,GET,/spot/neighborhood,find_neighborhood_spots
operator_handler,GET,/spot/{id},get_spot
operator_handler,DELETE,/spot/{id},delete_spot
operator_handler,GET,/spotCoupon,find_spot_coupons
operator_handler,POST,/spotCoupon,create_spot_coupon
operator_handler,PUT,/spotCoupon,update_spot_coupon
operator_handler,GET,/spotCoupon/v2,find_spot_coupons_v2
operator_handler,POST,/spotCoupon/v2,create_spot_coupon_v2
operator_handler,PUT,/spotCoupon/v2,update_spot_coupon_v2
operator_handler,GET,/spotCoupon/v2/{code},get_spot_coupon_v2
operator_handler,DELETE,/spotCoupon/v2/{code},delete_spot_coupon_v2
operator_handler,GET,/spotCoupon/{code},get_spot_coupon
operator_handler,DELETE,/spotCoupon/{code},delete_spot_coupon
operator_handler,POST,/spotLinkage/import,link_spots_from_file
operator_handler,GET,/spotLinkage/import/result,check_spot_linkage_file_result
operator_handler,GET,/spotManager,find_spot_managers
operator_handler,POST,/spotManager,create_spot_manager
operator_handler,PUT,/spotManager,update_spot_manager
operator_handler,GET,/spotManager/{code},get_spot_manager
operator_handler,GET,/spotPostSummary,get_calculated_spot_post_summary
operator_handler,GET,/spotReport,find_spot_reports
operator_handler,GET,/spotReport/image/download,download_spot_report_image_file
operator_handler,GET,/spotReport/smoking/download,download_spot_report_smoking_file
operator_handler,GET,/spotReport/{id},get_spot_report
operator_handler,GET,/stockActual/{planId},find_stock_actuals
operator_handler,GET,/stockActual/{planId}/summary,get_stock_actual_summary
operator_handler,PUT,/stockPlan/import,import_stock_plan
operator_handler,GET,/stockPlan/{planId},find_stock_plans
operator_handler,PUT,/stockPlan/{planId},update_stock_plan
operator_handler,GET,/subscription/campaign/reservation,find_subscription_campaign_application_reservation
operator_handler,POST,/subscription/campaign/reservation,reserve_subscription_campaign
operator_handler,DELETE,/subscription/campaign/reservation,delete_subscription_campaign_reservation
operator_handler,GET,/subscriptionContract/incentive/{userId},get_subscription_contract_continuation_incentive
operator_handler,GET,/subscriptionContract/{userId},find_subscription_contracts
operator_handler,POST,/supportContent,create_support_content
operator_handler,GET,/supportContent,find_support_contents
operator_handler,PUT,/supportContent,update_support_content
operator_handler,POST,/supportContent/copy,copy_support_content
operator_handler,GET,/supportContent/download,download_support_content_file
operator_handler,PUT,/supportContent/sync/{id},synchronize_support_content
operator_handler,GET,/supportContent/{id},get_support_content
operator_handler,DELETE,/supportContent/{id},delete_support_content
operator_handler,GET,/surveyMonkey,find_survey_monkeys
operator_handler,POST,/surveyMonkey/export,create_survey_monkey_file
operator_handler,GET,/surveyMonkey/export/result,check_export_survey_monkey_result
operator_handler,POST,/targetUser/import,import_target_user
operator_handler,GET,/targetUser/import/result/{planId},find_target_user_import_results
operator_handler,GET,/toast,find_toasts
operator_handler,POST,/toast,create_toast
operator_handler,PUT,/toast,update_toast
operator_handler,GET,/toast/{code},get_toast
operator_handler,DELETE,/toast/{code},delete_toast
operator_handler,GET,/tobacco,find_tobaccos
operator_handler,POST,/tobacco,create_tobacco
operator_handler,PUT,/tobacco,update_tobacco
operator_handler,GET,/tobacco/importSchedule,find_tobacco_import_schedules
operator_handler,PUT,/tobacco/importSchedule,update_tobacco_import_schedule
operator_handler,POST,/tobacco/importSchedule,create_tobacco_import_schedule
operator_handler,GET,/tobacco/importSchedule/create/progress,check_tobacco_import_schedule_create_progress
operator_handler,GET,/tobacco/importSchedule/update/progress,check_tobacco_import_schedule_update_progress
operator_handler,GET,/tobacco/{code},get_tobacco
operator_handler,GET,/tobaccoStock,find_tobacco_stocks
operator_handler,PUT,/tobaccoStock,update_tobacco_stock
operator_handler,GET,/tobaccoStock/download,download_tobacco_stock_file
operator_handler,POST,/tobaccoStock/import,create_tobacco_stock_from_file
operator_handler,GET,/tobaccoStock/{id},get_tobacco_stock
operator_handler,GET,/tobaccoStockHistory,find_tobacco_stock_histories
operator_handler,PUT,/tobaccoStockHistory,cancel_tobacco_stock_history
operator_handler,POST,/transferTargetStore/import,update_transfer_target_stores_from_file
operator_handler,GET,/trialMonitor,find_trial_monitors
operator_handler,GET,/trialMonitor/download,download_trial_monitor_file
operator_handler,POST,/trialMonitor/import,update_trial_monitor_from_file
operator_handler,GET,/trialMonitor/{applicationNumber},get_trial_monitor
operator_handler,PUT,/trialMonitor/{applicationNumber},update_trial_monitor
operator_handler,GET,/unstableSpot,find_unstable_spots
operator_handler,GET,/unstableSpot/download,download_unstable_spot_report_file
operator_handler,GET,/user,find_users
operator_handler,PUT,/user/brandAndTobacco,update_user_brand_and_tobacco
operator_handler,POST,/user/import,update_user_from_file
operator_handler,GET,/user/import/history,find_user_import_histories
operator_handler,GET,/user/import/result,check_user_import_result
operator_handler,GET,/user/{userId},get_user
operator_handler,GET,/user/{userId}/history,find_user_histories
operator_handler,PUT,/user/{userId}/password,update_user_password
operator_handler,PUT,/user/{userId}/rank,update_user_rank
operator_handler,GET,/user/{userId}/summary,get_user_summary
operator_handler,GET,/user/{userId}/trialMonitor,get_trial_monitor_for_clubjt
operator_handler,GET,/userCoupon,find_user_coupons
operator_handler,POST,/userCoupon/import,create_user_coupon_from_file
operator_handler,GET,/userCoupon/import/result,check_user_coupon_file_result
operator_handler,POST,/userCoupon/issue,create_user_coupon
operator_handler,GET,/userCoupon/{id},get_user_coupon
operator_handler,GET,/userDevice,find_user_devices
operator_handler,PUT,/userDevice,update_user_device
operator_handler,POST,/userDevice/registration,create_user_device
operator_handler,PUT,/userDevice/unregistration,delete_user_device
operator_handler,GET,/userFavoriteSpot,find_user_favorite_spots
operator_handler,GET,/userInformation/{userId},find_user_informations
operator_handler,GET,/userPostSpot,find_user_post_spots
operator_handler,PUT,/userPostSpot,update_user_post_spot
operator_handler,GET,/userPostSpot/download,download_user_post_spot_file
operator_handler,POST,/userPostSpot/import,create_user_post_spots_from_file
operator_handler,GET,/userPostSpot/{id},get_user_post_spot
operator_handler,GET,/userPostSpotImage,find_user_post_spot_images
operator_handler,PUT,/userPostSpotImage,update_user_post_spot_image
operator_handler,GET,/userPostSpotImage/download,download_user_post_spot_image_file
operator_handler,GET,/userPostSpotImage/group,find_user_post_spot_image_groups
operator_handler,GET,/userPostSpotImage/group/{userPostSpotImageGroupId},get_user_post_spot_image_group
operator_handler,GET,/userPostSpotImage/{id},get_user_post_spot_image
operator_handler,POST,/userPostSpotImage/{id}/inspection,inspect_user_post_spot_image
operator_handler,POST,/userTicket,post_user_ticket
operator_handler,GET,/utm,find_utms
operator_handler,POST,/utm,create_utm
operator_handler,PUT,/utm,update_utm
operator_handler,POST,/utm/import,create_utm_from_file
operator_handler,GET,/utm/import/result,check_utm_file_result
operator_handler,GET,/utm/{id},get_utm
operator_handler,DELETE,/utm/{id},delete_utm
operator_handler,GET,/warmUp,warm_up_lambda
